{
  "feature_cols": [
    "V1",
    "V2",
    "V3",
    "V4",
    "V5",
    "V6",
    "V7",
    "V8",
    "V9",
    "V10",
    "V11",
    "V12",
    "V13",
    "V14",
    "V15",
    "V16",
    "V17",
    "V18",
    "V19",
    "V20",
    "V21",
    "V22",
    "V23",
    "V24",
    "V25",
    "V26",
    "V27",
    "V28",
    "Amount",
    "Hour"
  ],
  "threshold": 0.9319,
  "roc_auc": 0.855,
  "f1": 0.6154,
  "cm": {
    "tn": 973,
    "fp": 10,
    "fn": 5,
    "tp": 12
  },
  "coefs": {
    "V1": 0.4372405206104484,
    "V2": 1.0799937905029378,
    "V3": 0.2103050906312168,
    "V4": -0.14090986603730885,
    "V5": -0.0064038187780619095,
    "V6": -0.12709156905908642,
    "V7": 0.08389025996954678,
    "V8": -0.023945590678440556,
    "V9": 0.3662062046477394,
    "V10": -0.2621456758073416,
    "V11": -0.36109698005683694,
    "V12": -0.27477631351087384,
    "V13": -0.222139756502089,
    "V14": -0.19156855722564087,
    "V15": 0.21921474796909454,
    "V16": -0.1358253048941881,
    "V17": 0.2948847864856975,
    "V18": 0.7008195778848139,
    "V19": -0.29688579473592874,
    "V20": -0.16754516354638366,
    "V21": -0.8439597786433132,
    "V22": -0.015439720081962732,
    "V23": 0.05064042275179309,
    "V24": 0.18591780185673476,
    "V25": 0.552151902341442,
    "V26": 0.5098250023023625,
    "V27": 0.2737200593833294,
    "V28": -0.5157416229499382,
    "Amount": 2.032586642900402,
    "Hour": -1.0653484885356144
  }
}